[
    {
        "id": 0,
        "customerName": "Ankitha Bhavana",
        "phoneNumber": "6023886675",
        "address": "Tempe, AZ",
        "loanAmount": "",
        "monthlyPayment":"150",
        "interest": "9",
        "loanTermYears": "5",
        "loanType": "Personal Loan",
        "description": "Personal loan with 9% interest"
    },
    {
        "id": 1,
        "customerName": "Sai Sandeep",
        "phoneNumber": "6023886674",
        "address": "Tempe, AZ",
        "loanAmount": "",
        "monthlyPayment":"700",
        "interest": "5",
        "loanTermYears": "4",
        "loanType": "Education Loan",
        "description": "Education loan with 5% interest for Masters"
      },
      {
        "id": 2,
        "customerName": "Indu Gaddam",
        "phoneNumber": "9908966211",
        "address": "Vizag, IN",
        "loanAmount": "",
        "monthlyPayment":"500",
        "interest": "7",
        "loanTermYears": "5",
        "loanType": "Car Loan",
        "description": "Car loan with 7% interest"
      },
      {
        "id": 3,
        "customerName": "Chandini",
        "phoneNumber": "4086634511",
        "address": "Texas, USA",
        "loanAmount": "",
        "monthlyPayment":"650",
        "interest": "8",
        "loanTermYears": "5",
        "loanType": "Medical Loan",
        "description": "Medical loan with 8% interest"
      },
      {
        "id": 4,
        "customerName": "Tony",
        "phoneNumber": "8750329869",
        "address": "Hyderabd, IN",
        "loanAmount": "",
        "monthlyPayment":"400",
        "interest": "6",
        "loanTermYears": "4",
        "loanType": "Bike Loan",
        "description": "Bike loan with 6% interest"
      }
]
